name,followers,followings,follow ratio,muters,reputation,effective sp,own sp,sp ratio,curation_rewards,posting_rewards,witnesses_voted_for,posts,average_post_len,comments,average_comment_len,comments_with_link_ratio,posts_to_comments_ratio,class
alucare,556,119,0.21402877697841727,1,58.640845377754424,441.7161346328858,441.7161346328858,1.0,21.275,433.544,4,111,630,387,97,0.07493540051679,0.2868217054263566,0
ayufitri,644,318,0.4937888198757764,4,46.679334644547055,15.031349188109129,8.926123013898053,1.6839728922293793,0.037,17.479,30,301,1016,717,125,0.05439330543933,0.4198047419804742,0
imh3ll,87,26,0.2988505747126437,0,53.589527141741186,0.5795136931579069,67.930277613157,0.008531007284528812,0.545,132.534,0,0,0,2,24,0E-14,0.0,0
andeladenaro,205,75,0.36585365853658536,0,56.414916095115586,99.38178465638553,99.38178465638553,1.0,0.158,195.882,1,0,0,0,0,0,0,0
shenoy,1225,1576,1.286530612244898,3,65.41659280504396,2577.684757551207,2063.983516788419,1.248888247694009,46.552,2581.548,0,88,568,41,34,0.04878048780487,2.1463414634146343,0
tidylive,542,70,0.12915129151291513,2,64.583379878843,825.2582888069422,825.2582888069422,1.0,18.131,1891.259,1,88,496,61,99,0.24590163934426,1.4426229508196722,0
arpita182,26,0,0.0,0,27.253055223934567,15.056963553513595,0.17316636472505953,86.95085548177849,0.0,0.143,0,0,0,0,0,0,0,0
world-of-music,45,1,0.022222222222222223,5,15.326558241200143,5.00805593404504,0.10067319777891426,49.74567257755236,0.0,0.0,0,0,0,0,0,0,0,0
mirnasahara,1145,2038,1.7799126637554585,2,47.7500572476912,15.63194888820791,15.63194888820791,1.0,0.128,29.303,0,46,74,12,29,0E-14,3.8333333333333335,0
haveaniceday,57,2,0.03508771929824561,0,42.55067250241071,0.8587180222925892,0.8587180222925892,1.0,0.0,2.137,0,0,0,0,0,0,0,0
blackhypnotik,513,70,0.1364522417153996,4,61.57059954502618,455.9380754136538,455.9380754136538,1.0,5.423,893.037,1,189,955,70,372,0.67142857142857,2.7,0
openingiszwagra,207,42,0.2028985507246377,0,25.0,15.054297542848234,0.10036235796752728,149.9994405045677,0.001,0.0,0,47,395,7,28,0E-14,6.714285714285714,0
swelker101,1610,131,0.08136645962732919,13,63.24555847603623,1681.7170069824667,5831.53804236389,0.2883830980378482,61.037,1845.328,26,45,731,52,106,0.05769230769230,0.8653846153846154,0
phoneinf,1032,19,0.018410852713178296,14,65.77828147969609,6021.037027706557,2418.0634340672927,2.490024431484371,50.373,1789.77,7,451,659,1573,184,0.05276541640178,0.2867132867132867,0
spawn09,989,93,0.09403437815975733,6,62.88224232889921,125.31784863755404,125.31784863755404,1.0,10.626,1736.275,0,240,598,65,32,0.01538461538461,3.6923076923076925,0
dschense,112,34,0.30357142857142855,1,28.76897273777412,5.017238282597204,0.6376830277526586,7.867918800158605,0.012,0.233,0,0,0,0,0,0,0,0
brainpod,310,187,0.603225806451613,0,53.06290421666901,34.07024386545892,34.07024386545892,1.0,0.047,77.218,2,44,1219,64,123,0.03125000000000,0.6875,0
jezieshasan,350,216,0.6171428571428571,1,42.95329141406505,6.7098931632591965,5.705882113898975,1.175960706744107,0.447,12.838,0,0,0,0,0,0,0,0
hmagellan,453,169,0.3730684326710817,0,45.28335063950323,10.042391256911198,689.1537126974839,0.014572062911194795,0.596,30.575,0,0,0,3,224,0E-14,0.0,0
marishkamoon,191,1,0.005235602094240838,0,35.302759242447415,13.260831886779831,13.260831886779831,1.0,0.0,1.042,0,24,311,0,0,0,0,0
xee-shan,198,8,0.04040404040404041,0,52.2540909374086,36.66877047208971,36.66877047208971,1.0,0.076,72.899,0,27,1516,3,44,0E-14,9.0,0
marcmichael,300,78,0.26,2,39.739863547918766,15.048644956551865,1.9252101311023613,7.816624644466794,0.001,2.9,0,80,769,2,91,0E-14,40.0,0
ridvanunver,425,53,0.12470588235294118,0,57.34646215736469,112.8659503539794,112.8659503539794,1.0,0.211,265.501,1,86,927,16,62,0.06250000000000,5.375,0
cheaky,1131,48,0.042440318302387266,0,66.09632968496604,1512.1919139327842,1512.1919139327842,1.0,65.84,3511.447,2,71,309,30,27,0E-14,2.3666666666666667,0
dbroze,2385,76,0.031865828092243184,10,66.8491396910247,2073.0226649515835,2073.0226649515835,1.0,56.955,3972.949,0,60,2492,4,88,0.25000000000000,15.0,0
jarendesta,1911,55,0.02878074306645735,6,70.46055700347249,12069.286643918946,12069.286643918946,1.0,235.837,9692.369,0,101,1771,91,68,0E-14,1.10989010989011,0
bitcoinmarketss,628,606,0.964968152866242,3,-1.4453068428515508,14.121906970188492,0.6465009780804583,21.843597224118962,0.007,0.078,3,2,137,1,9,0E-14,2.0,0
revehs,180,0,0.0,0,25.0,15.0518117618403,0.1093081780379858,137.70069204345927,0.0,0.017,0,33,531,0,0,0,0,0
skyshine,504,847,1.6805555555555556,0,52.665926227797286,47.53474369359663,47.53474369359663,1.0,0.118,94.111,1,38,296,4,29,0E-14,9.5,0
adamkokesh,14144,8882,0.6279694570135747,100,73.79243922668371,500205.32131805323,5791.887941372004,86.3630868520503,4782.833,22908.451,0,127,2114,23,122,0.04347826086956,5.521739130434782,0
dicky-wd,261,73,0.2796934865900383,0,28.562688709536516,15.009471538315497,0.6457363273415418,23.243963368312574,0.009,0.681,0,1,274,0,0,0,0,0
sadikemrah,653,1399,2.1424196018376724,0,57.35664771377858,60.19503458201933,60.19503458201933,1.0,0.689,248.909,1,1,567,1,54,0E-14,1.0,0
kikima,497,81,0.16297786720321933,0,49.406890059847875,10.976152939646752,21.01135135305943,0.5223915756398283,0.064,33.311,0,9,4284,166,91,0.26506024096385,0.05421686746987952,0
matematikciemre,705,54,0.07659574468085106,3,57.092477920333174,14.63389376805063,14.63389376805063,1.0,3.955,260.519,23,20,1468,87,73,0.04597701149425,0.22988505747126436,0
andreistalker,1565,662,0.4230031948881789,7,59.819314740068776,228.8693083323344,242.94701575285612,0.9420544130706977,1.887,488.215,30,3,4599,16,25,0.06250000000000,0.1875,0
zuldifiyanti,225,11,0.04888888888888889,0,49.666394230715696,13.021287539510217,13.021287539510217,1.0,0.0,31.408,0,34,421,4,14,0E-14,8.5,0
curiousprimate,43,2,0.046511627906976744,0,32.444857826814626,15.037442340176204,0.5253045568374038,28.626141053694884,0.0,0.944,0,0,0,0,0,0,0,0
themarhio,254,44,0.1732283464566929,2,52.28170269292542,38.13340955958874,38.13340955958874,1.0,0.124,74.524,0,68,1442,6,113,0E-14,11.333333333333334,0
barretts-stuff,219,13,0.0593607305936073,0,25.0,5.020073763573777,0.5392914661288218,9.30864676871156,0.0,0.107,0,0,0,0,0,0,0,0
nauralatifa,132,54,0.4090909090909091,1,39.713158040368874,5.010094536572103,1.6793593020448996,2.9833368776243883,0.038,4.846,1,0,0,0,0,0,0,0
urbanawp,38,2,0.05263157894736842,2,37.79345369162128,5.020007988768392,0.7174154544687992,6.997351335963889,0.0,3.564,0,0,0,0,0,0,0,0
jeksaturday,592,19,0.03209459459459459,0,60.3497139278416,92.43065528381197,92.43065528381197,1.0,2.263,706.863,1,57,649,7,52,0E-14,8.142857142857142,0
buniaandbella,272,20,0.07352941176470588,5,42.362416007155744,13.674978304894038,4.48396943032879,3.049748335124424,0.061,8.162,0,70,354,0,0,0,0,0
organik,1007,682,0.6772591857000994,1,60.343931973412666,260.1400978849591,260.1400978849591,1.0,4.595,711.941,4,75,2412,50,162,0.08000000000000,1.5,0
graceleon,755,191,0.25298013245033113,1,56.29857092488948,96.82626743741122,96.82626743741122,1.0,1.123,187.364,0,81,1808,234,230,0.15811965811965,0.34615384615384615,0
rabbi18,921,315,0.34201954397394135,8,48.726655661826115,32.17940841707798,32.17940841707798,1.0,0.136,60.428,2,141,55,4,52,0.50000000000000,35.25,0
thegrymek,47,3,0.06382978723404255,1,38.672175594374764,5.013617650098635,2.551750769851494,1.9647756000835523,0.037,3.945,0,0,0,0,0,0,0,0
najp,515,267,0.5184466019417475,0,44.759644866594314,15.021641922011927,6.954361778986281,2.1600317037578094,0.086,12.658,6,8,485,15,69,0.20000000000000,0.5333333333333333,0
kotadu,43,9,0.20930232558139536,0,32.26837507919898,5.001719303785568,0.730648920879194,6.845585014711266,0.0,0.436,0,0,0,0,0,0,0,0
natebelt83,1136,705,0.6205985915492958,2,60.421625656682636,12.29513105718061,12.29513105718061,1.0,11.915,911.625,8,79,54,0,0,0,0,0
springtoifel,236,31,0.13135593220338984,1,52.38225631132266,87.38645699073756,75.38465219620245,1.1592075368776418,0.837,72.419,2,79,472,59,87,0.05084745762711,1.3389830508474576,0
aaronmcheongg,299,12,0.04013377926421405,0,39.51359883272286,12.072632458009105,12.072632458009105,1.0,0.003,3.396,0,0,0,0,0,0,0,0
mountainjewel,1720,356,0.2069767441860465,2,64.16359463524395,1170.6888101156158,2626.931904020751,0.4456487084129487,31.139,1592.501,20,117,5868,1853,261,0.02968159740960,0.06314085267134377,0
clixmoney,4790,2260,0.4718162839248434,35,62.93680568808395,120.63106167164484,1080.8592388767079,0.11160663417838913,25.605,1256.413,30,152,1299,1309,156,0.12987012987012,0.11611917494270435,0
giokaceh1992,941,2176,2.312433581296493,6,45.906393325905746,10.365501633912164,10.365501633912164,1.0,0.068,18.483,1,0,0,0,0,0,0,0
pikasodan,345,140,0.4057971014492754,1,54.220828958294774,72.45716558408988,72.45716558408988,1.0,0.37,141.631,0,87,344,50,66,0E-14,1.74,0
ranielbrianulan,957,373,0.3897596656217346,1,61.956184551374484,5.4302348731739905,5.4302348731739905,1.0,10.875,1092.43,1,0,0,1,33,0E-14,0.0,0
tmrknckmk,314,38,0.12101910828025478,0,56.7250148082859,117.78025325147091,117.78025325147091,1.0,1.162,245.036,0,84,669,24,32,0E-14,3.5,0
daniel.errey,972,130,0.1337448559670782,1,56.45376498362396,2509.7814485506756,2509.7814485506756,1.0,63.531,415.215,6,5,919,0,0,0,0,0
statywtest,180,0,0.0,0,29.549064544521872,3.135699253252375,3.135699253252375,1.0,0.001,0.259,0,43,223,0,0,0,0,0
allasyummyfood,15033,328,0.021818665602341514,71,73.70246469694014,1506.02030319391,25615.1514079371,0.058794120683091304,852.909,44004.608,26,131,1895,351,59,0.00569800569800,0.3732193732193732,0
hakimcityyez,379,69,0.1820580474934037,2,49.19652769265795,21.794224140162264,21.794224140162264,1.0,0.047,47.984,30,0,0,0,0,0,0,0
doctorspence,1871,1464,0.7824692677712454,7,62.99221193397389,267.1640723201317,267.16555255670136,0.9999944594781944,8.107,1366.548,3,128,1306,359,190,0.08356545961002,0.3565459610027855,0
omeratagun,883,24,0.027180067950169876,3,65.33850930271625,27.233071311436955,27.233071311436955,1.0,95.078,2269.901,5,1,17,2,119,0E-14,0.5,0
naruitchi,553,479,0.8661844484629295,3,59.67458943710907,260.2562740587121,280.34646671976446,0.9283379851505865,2.497,552.216,14,188,506,120,78,0E-14,1.5666666666666667,0
whatstuff,1941,3889,2.003606388459557,7,48.150926503917894,4.99950429307849,13.915556034917671,0.3592744896814372,0.138,26.373,0,69,388,4,363,0.25000000000000,17.25,0
craig-grant,12068,0,0.0,138,75.77952289872168,286.840754209218,185.88238354554824,1.5431303856663272,9075.435,63292.152,0,0,0,0,0,0,0,0
badguypl,172,10,0.05813953488372093,0,42.79689867830582,15.002857303996334,3.6247150531966,4.139044610076443,0.001,3.489,0,26,354,2,32,0E-14,13.0,0
ulaskayalar,59,1,0.01694915254237288,0,43.25424098196213,11.452471166186374,0.8077934391455119,14.177474848397948,0.001,8.503,0,4,349,1,11,0E-14,4.0,0
dekall,375,50,0.13333333333333333,1,42.154253457608505,15.010727544208885,12.58145123234811,1.193083950889137,0.025,8.922,0,38,1131,14,27,0E-14,2.7142857142857144,0
aneezasahar,1386,1499,1.0815295815295816,3,46.80467627996513,15.001267920209552,9.870593524839347,1.5197939092982466,0.019,20.699,30,46,149,0,0,0,0,0
enjoyaceh,813,267,0.3284132841328413,0,47.160549685131905,16.08467109581949,16.08467109581949,1.0,0.079,26.252,0,10,1323,0,0,0,0,0
jumi,1405,7255,5.1637010676156585,8,54.41757710354466,30.02424033263223,30.02424033263223,1.0,2.172,157.807,0,6,835,249,12,0E-14,0.024096385542168676,0
alxgraham,1761,622,0.3532084043157297,10,58.77479569214125,196.7183831893265,196.7183831893265,1.0,3.187,488.658,6,135,333,56,381,0.08928571428571,2.4107142857142856,0
chaser232,134,5,0.03731343283582089,2,41.252829218053094,5.010788280525446,2.677330530781416,1.871561326820181,0.0,5.507,0,0,0,0,0,0,0,0
themoneygps,1407,5,0.0035536602700781805,10,59.630283255649715,415.21366396885304,415.21366396885304,1.0,3.45,800.755,0,175,2286,3,70,0E-14,58.333333333333336,0
wakeuptime,92,4,0.043478260869565216,0,55.261071748185046,10.424689141830171,158.51733501654735,0.06576371688775841,0.057,284.084,0,2,985,0,0,0,0,0
theuxyeti,979,80,0.08171603677221655,2,62.11396404925513,127.04847307583962,1577.2120569048805,0.08055256268149473,8.064,1030.134,17,19,3302,169,190,0.11242603550295,0.11242603550295859,0
crypto-investman,52,0,0.0,2,8.221375598185425,0.10067316768077067,0.10067316768077067,1.0,0.0,0.0,0,0,0,0,0,0,0,0
kw7,113,1,0.008849557522123894,0,25.0,15.018624764199977,0.10079452536934728,149.00238588520904,0.0,0.0,0,4,250,0,0,0,0,0
koh,440,110,0.25,2,48.742002353531,966.0288456149165,170.55761826120985,5.663944275625604,6.184,41.403,0,35,421,74,68,0.05405405405405,0.47297297297297297,0
fauzanhusri98,666,763,1.1456456456456456,1,43.457320902571944,15.082860679135134,4.642897004267026,3.248588255408923,0.02,8.268,1,42,1253,28,43,0E-14,1.5,0
selimz,352,61,0.17329545454545456,1,59.3413275687861,304.0245024550303,296.81508903100297,1.0242892416539993,4.369,493.524,0,148,839,55,25,0.03636363636363,2.690909090909091,0
w11,611,1198,1.960720130932897,4,46.43383009481592,10.42725831393891,4.0187804783900996,2.594632468732408,0.021,20.943,0,240,673,144,62,0.01388888888888,1.6666666666666667,0
smooms,567,119,0.20987654320987653,2,58.447067321937496,260.6720208646918,260.6720208646918,1.0,5.977,428.473,0,92,472,14,72,0.07142857142857,6.571428571428571,0
imp.unity,701,137,0.19543509272467904,0,57.57079366828363,527.395067919577,327.05403513946015,1.6125624858738976,6.68,382.544,5,13,10163,184,1087,0.02173913043478,0.07065217391304347,0
stevenalexander,1536,214,0.13932291666666666,4,62.910404919405266,518.6188563265994,518.6188563265994,1.0,16.801,1367.588,2,30,2456,106,197,0.00943396226415,0.2830188679245283,0
nicocuina,24,1,0.041666666666666664,0,32.39842827190916,5.02005524581429,0.5053570166182839,9.933680706378983,0.0,0.456,0,0,0,0,0,0,0,0
orcheva,2310,1011,0.43766233766233764,9,62.91202232436205,306.0482154516783,306.0482154516783,1.0,74.808,1598.34,29,50,1854,95,62,0.08421052631578,0.5263157894736842,0
pingo,324,118,0.36419753086419754,5,8.778251121917684,10.781045802413196,0.648350254896374,16.62842841657606,0.246,10.593,2,0,0,0,0,0,0,0
sriepayanti,181,53,0.292817679558011,2,36.86411148286698,15.03453370196106,0.9516342209170077,15.798647601673654,0.035,1.572,0,7,265,2,11,0E-14,3.5,0
clintneilsen,120,22,0.18333333333333332,0,40.300030542274705,5.018445975542605,2.2244966338931156,2.2559917147457167,0.0,4.55,0,0,0,0,0,0,0,0
simulasyon98,229,7,0.03056768558951965,2,50.580260727307824,26.908130896254715,28.881779655815123,0.9316645725062503,0.52,55.314,0,90,200,219,24,0E-14,0.410958904109589,0
camiloferrua,396,123,0.3106060606060606,1,58.733750929155306,93.56837452161786,194.83832084694401,0.4802359931808325,2.367,379.894,19,59,1571,114,207,0.15789473684210,0.5175438596491229,0
ssjbriggs,256,49,0.19140625,0,53.96295240888419,65.11137411381665,65.11137411381665,1.0,0.012,122.412,0,49,308,6,23,0E-14,8.166666666666666,0
isfar,900,147,0.16333333333333333,1,61.71904590432864,439.2943836883204,439.2943836883204,1.0,3.397,979.379,0,16,1466,3,9,0E-14,5.333333333333333,0
datilla,901,634,0.7036625971143174,3,60.53872671310476,266.88077607485843,266.88077607485843,1.0,9.983,618.348,2,100,1646,466,33,0.01072961373390,0.2145922746781116,0
shamidreesvlogs,98,1,0.01020408163265306,0,45.81506823295034,6.611507468306298,1.9736487595604126e-09,3349890620.75,0.001,16.623,0,2,306,0,0,0,0,0
mephistopeles,189,3,0.015873015873015872,0,46.88602023911692,15.00007853236298,8.347664230081183,1.7969192481783736,0.029,16.397,0,41,384,2,34,0E-14,20.5,0
ghazalifahmi,303,95,0.31353135313531355,2,43.35159268932598,14.749903869128755,4.7108966091640285,3.1310183799058575,0.027,8.791,0,139,822,46,183,0.39130434782608,3.0217391304347827,0
erudire,329,171,0.5197568389057751,24,-7.788755198572268,15.012604334181919,0.585694049908604,25.632161256418087,0.022,0.117,3,23,6562,1571,188,0.99172501591343,0.01464035646085296,1
shovon51,204,15,0.07352941176470588,18,-3.3902649952616635,15.053853339149454,2.3852650310162185,6.311186867455106,0.004,3.709,3,48,300,935,79,0.88021390374331,0.051336898395721926,1
ilhamyus,136,73,0.5367647058823529,6,-3.1986506161120403,15.073569374316376,0.7811256184857301,19.297241080810544,0.004,1.34,15,1,375,769,82,0.35370611183355,0.0013003901170351106,1
nirayma,92,36,0.391304347826087,27,-1.0504270445102932,5.001288582081464,0.7512901705128046,6.656933337311944,0.0,0.487,0,0,0,0,0,0,0,1
masjuan,391,380,0.9718670076726342,9,-1.1497126047378288,8.685146134629527,6.41240275682512,1.3544292933542554,0.099,11.027,0,0,0,0,0,0,0,1
marlon23,79,18,0.22784810126582278,6,-1.3009903813379964,5.008839029025027,0.10074394519234946,49.71851181191781,0.0,0.024,0,0,0,0,0,0,0,1
blockchainfiend,188,37,0.19680851063829788,4,5.542747748969759,15.012295734461873,0.9707682009138883,15.464346401467608,0.0,1.076,0,1,249,0,0,0,0,1
rahmad07,154,109,0.7077922077922078,10,13.080549758640187,2.9926963702462093,2.168791119516557,1.379891471942816,0.016,3.246,1,0,0,0,0,0,0,1
sanjugangber,382,100,0.2617801047120419,19,-1.754717290465667,15.06863289686768,0.9785361488848776,15.399158134361848,0.008,0.726,1,23,622,2271,106,0.51519154557463,0.010127697049757816,1
upvotebott,10,1,0.1,2,-1.1069533721491709,3.017367600453249,3.017367600453249,1.0,0.0,0.0,0,0,0,0,0,0,0,1
attakhan,1627,8571,5.267977873386601,16,-1.3446100438574504,15.061487649389285,0.7081242359971738,21.26955537424848,0.003,1.157,0,12,826,514,191,0.94941634241245,0.023346303501945526,1
miky,746,245,0.3284182305630027,10,52.945860158795185,19.530472701172293,19.530472701172293,1.0,0.648,191.109,9,25,2747,2,35,0E-14,12.5,1
udywriter,195,239,1.2256410256410257,4,32.44527061670267,15.096513881920638,1.514532456438659,9.967771781807352,0.006,3.089,0,2,3933,22,88,0.09090909090909,0.09090909090909091,1
yanisteem,63,10,0.15873015873015872,1,-0.4353844007858534,5.008899020052723,0.738306053406456,6.784312544834571,0.002,0.457,0,0,0,0,0,0,0,1
jennyluv,518,356,0.6872586872586872,7,48.28369821661518,20.075779844772956,20.075779844772956,1.0,0.057,38.764,3,23,2230,7,35,0E-14,3.2857142857142856,1
mujib,284,667,2.3485915492957745,17,-1.1267467584158375,1.5389929049054767,9.587804517165557,0.16051567406804507,0.076,17.793,0,0,0,0,0,0,0,1
ayumanis,73,9,0.1232876712328767,10,-1.5043543436951659,0.34436405329860836,0.34436405329860836,1.0,0.005,0.473,0,0,0,0,0,0,0,1
asimmons8000,178,18,0.10112359550561797,3,10.462230972639617,0.10072104346555572,0.10072104346555572,1.0,0.0,0.0,0,0,0,0,0,0,0,1
zulfajri321,167,71,0.4251497005988024,13,0.5057678244012536,15.035731349034275,2.431661099781446,6.183316972248174,0.035,3.732,0,0,0,1,31,0E-14,0.0,1
muksalpasee,535,2028,3.790654205607477,10,-1.0204952912557417,9.652363423174101,0.9884645741674807,9.765006936443482,0.019,11.463,0,0,0,1,90,0E-14,0.0,1
zamanhuri14,265,76,0.28679245283018867,12,-0.49670391759568133,13.861703660774475,1.3510265576645901,10.260126703013208,0.029,4.052,0,1,851,0,0,0,0,1
kimhee,99,1,0.010101010101010102,3,0.5175164648223074,13.145860893023952,0.0,0,0.004,2.852,0,0,0,0,0,0,0,1
bazaidraza,1432,1663,1.1613128491620113,6,36.07910219209723,15.076004113313502,6.579443686016933,2.2913797629051857,0.001,11.939,0,92,639,5,19,0E-14,18.4,1
rikirz,281,584,2.078291814946619,5,-1.9093066883221574,2.992695492465923,2.036706855191207,1.4693795942396273,0.021,2.974,1,0,0,0,0,0,0,1
ridaazhar,394,248,0.6294416243654822,5,-0.3705463227987771,15.079967653961916,0.9568332681559655,15.760287769910457,0.105,0.667,0,9,1208,193,270,0.97927461139896,0.046632124352331605,1
mubarr,96,74,0.7708333333333334,17,0.22751553862859453,5.008721329987839,0.8027485126579516,6.239465101471995,0.007,1.375,0,0,0,0,0,0,0,1
sujanbarua1,722,1689,2.339335180055402,6,53.167891536410366,5.269425988620233,5.269425988620233,1.0,0.49,133.153,0,2,5965,73,84,0.95890410958904,0.0273972602739726,1
fakul,60,55,0.9166666666666666,5,0.006326094358811929,5.010466787451469,0.10071973148254278,49.746625747507146,0.001,0.083,0,0,0,0,0,0,0,1
alfian,549,187,0.3406193078324226,4,-1.114650949036431,15.005387163982254,2.3730080322637384,6.32336130344566,0.072,3.297,1,0,0,0,0,0,0,1
dimarikkk,329,54,0.1641337386018237,3,-0.3897781383405601,15.03711795570679,0.2244561409835378,66.99356894320682,0.0,0.245,0,7,8658,107,62,0.36448598130841,0.06542056074766354,1
karimuddinas,217,252,1.1612903225806452,1,15.401524039329363,5.001263147669899,0.1358632831236967,36.81099876790479,0.005,0.059,0,0,0,0,0,0,0,1
sbrukh,168,23,0.13690476190476192,10,57.06470083611086,351.0277950002219,424.857522151543,0.8262247381723733,1.352,627.837,0,0,0,0,0,0,0,1
pyorinho,1329,746,0.5613243039879608,9,59.243940861434474,6351.28138622682,6351.28138622682,1.0,116.708,684.872,16,56,1244,815,40,0.03435582822085,0.0687116564417178,1
dipietrantonio,32,3,0.09375,3,-0.17377865914321688,15.069764094641046,0.16111077534825566,93.5366617289649,0.0,0.117,0,0,0,59,274,1.00000000000000,0.0,1
imlim,304,316,1.0394736842105263,2,-0.8695119272119243,15.057979723583369,0.5045066256431303,29.846941463628742,0.04,0.468,1,0,0,1,203,0E-14,0.0,1
obeyempresz,554,18,0.032490974729241874,4,0.3145916047848125,124.57604383383476,124.57604383383476,1.0,8.803,288.609,0,4,195,1,13,0E-14,4.0,1
lichy,240,144,0.6,1,37.43495478792333,13.276211078464188,1.831471858428367,7.2489298797399195,0.011,2.798,1,0,0,0,0,0,0,1
salman554480,341,140,0.41055718475073316,4,33.521426197529856,15.069536427842275,5.459419783818804,2.7602816827727614,0.021,9.743,0,21,1617,10,90,0E-14,2.1,1
cyphr,112,30,0.26785714285714285,1,12.216669189025287,0.10071967671378972,0.10071967671378972,1.0,0.0,0.037,0,0,0,0,0,0,0,1
scopecircle,75,84,1.12,0,15.177588052216374,5.006233874832344,0.6625085129192118,7.556482335258414,0.002,1.175,1,0,0,0,0,0,0,1
bangwoy95,280,120,0.42857142857142855,3,48.14320431683074,0.008044563232648202,13.24589598252782,0.0006073249588596719,0.048,40.532,0,0,0,0,0,0,0,1
olaronke,6,0,0.0,0,13.108426336790878,5.011001610246218,0.10072160743568875,49.7510091213126,0.0,0.0,0,0,0,0,0,0,0,1
jufry,177,160,0.903954802259887,5,-1.0200139497331335,13.302207030600064,0.15595702482856635,85.29405485403646,0.008,2.949,0,0,0,0,0,0,0,1
mrglowz,384,104,0.2708333333333333,19,-2.7782291211502574,14.496167661972756,14.496167661972756,1.0,0.037,37.308,7,34,1670,721,74,0.03051317614424,0.047156726768377254,1
syarkawi20,299,38,0.12709030100334448,0,14.950239151577737,15.01617551987129,0.2356220104863562,63.729935454144716,0.0,0.163,0,3,2544,0,0,0,0,1
travelerjoe,76,24,0.3157894736842105,2,37.68108938605009,15.066940758512116,2.9936214623466757,5.033014677380507,0.022,4.876,0,0,0,0,0,0,0,1
yady,197,117,0.5939086294416244,2,-0.7508019420533358,15.091077415097562,1.1123493680097536,13.566850352150546,0.002,1.199,30,0,0,0,0,0,0,1
minhajhussain7,834,1002,1.2014388489208634,19,-1.8816006412516195,14.433161069693167,4.701645312672687,3.069810696011121,0.036,8.662,1,52,502,712,78,0.02808988764044,0.07303370786516854,1
followv,275,0,0.0,1,52.12702895446737,63.55176939328835,63.54911280679582,1.0000418036755385,0.179,83.204,2,421,8173,2,94,0E-14,210.5,1
jesus.tovar,182,43,0.23626373626373626,1,0.09015906257889128,15.034056326160753,0.12686957443973623,118.50009265461843,0.002,0.034,1,1,4886,50,75,0E-14,0.02,1
muks,637,246,0.38618524332810045,2,58.737681111900216,109.31495583943271,83.3445661254859,1.3116026745504328,24.616,615.409,0,0,0,0,0,0,0,1
atoksilver,735,2106,2.8653061224489798,5,-0.42390381917185493,15.086508920019373,3.3110815306419945,4.556368902548349,0.049,5.466,25,0,0,3,63,0E-14,0.0,1
holuwaseun,275,308,1.12,0,36.38793895638888,15.010727544208883,0.597606880336507,25.11806345963835,0.004,0.974,0,24,711,132,74,0.09848484848484,0.18181818181818182,1
liv2fly,136,77,0.5661764705882353,2,-0.013268274706987881,9.984525852876889,5.757982161787447,1.734032091856533,0.002,0.396,0,0,0,0,0,0,0,1
samanhabib,34,13,0.38235294117647056,4,-0.19091754937235805,5.002259490957646,0.10056125735539388,49.74340638243159,0.001,0.098,0,0,0,0,0,0,0,1
bayelgh,44,6,0.13636363636363635,2,37.53960073586021,5.005742820659309,1.1729264327117646,4.267738095974364,0.001,3.036,0,0,0,0,0,0,0,1
fuentesjo3006,642,336,0.5233644859813084,4,8.77312803256611,33.846756894567,33.846756894567,1.0,0.207,67.361,18,201,1969,1044,58,0.06321839080459,0.1925287356321839,1
joenathan,182,97,0.532967032967033,2,-1.273444665336811,15.070681998219317,3.3843347615673385,4.453070709600799,0.009,5.681,0,0,0,24,396,1.00000000000000,0.0,1
puregrace,849,1364,1.6065959952885749,4,56.6960568393064,162.96945168612532,125.00474346471967,1.3037061408163324,0.302,248.2,7,327,1251,562,254,0.13523131672597,0.5818505338078291,1
samsulbahri1991,214,216,1.0093457943925233,12,0.2743249906753107,5.008777612529516,0.7724667891484605,6.484133276527023,0.005,0.518,30,0,0,0,0,0,0,1
theshop,288,17,0.059027777777777776,1,43.064933989318995,15.090909464989306,5.034222063551797,2.9976646390410138,0.001,9.036,2,14,4960,3,164,0E-14,4.666666666666667,1
cryptoanalyzed,260,415,1.5961538461538463,1,17.879667719036494,15.077886078193586,0.24222264784580116,62.24804415395608,0.001,0.363,0,12,1348,9,50,0.22222222222222,1.3333333333333333,1
murthala,643,610,0.9486780715396579,4,47.38856102453112,13.284825237222256,12.283344602443254,1.0815315915324724,0.062,24.436,10,28,1763,30,160,0.40000000000000,0.9333333333333333,1
sulaiman86,258,264,1.0232558139534884,1,26.391405606179717,15.080189279421836,0.1891623379293795,79.72088653848085,0.003,0.219,26,0,0,0,0,0,0,1
augistune,797,31,0.03889585947302384,4,42.40251484221542,4.43144846088913,4.43144846088913,1.0,0.101,8.868,3,23,259,0,0,0,0,1
good-kurma,232,278,1.1982758620689655,3,7.724980877998533,15.058202359058043,0.8927220562440308,16.867738680516926,0.008,0.738,0,1,7590,0,0,0,0,1
rjsalam,196,114,0.5816326530612245,1,0.1886477071885153,15.037442340176204,0.13186603600835672,114.03575018531109,0.001,0.062,0,1,103,9,356,1.00000000000000,0.1111111111111111,1
sintiabella,500,647,1.294,4,42.296699352513606,15.062063810750718,3.9171879510716843,3.845121551195919,0.018,6.531,1,1,660,2,9,0E-14,0.5,1
udoytanchangya,85,18,0.21176470588235294,1,19.14619019656292,15.063846665897868,0.26554833560982805,56.727324730934406,0.02,0.274,1,5,194,10,197,1.00000000000000,0.5,1
vzsigncruise,322,1345,4.1770186335403725,2,-0.3666363662953138,15.012604334181917,0.1257113031395105,119.4212768403283,0.001,0.045,1,4,2032,10,275,1.00000000000000,0.4,1
boosteer,52,9,0.17307692307692307,2,18.77479778969098,15.058703160588886,0.16304083854202212,92.36154141042189,0.005,0.113,0,2,657,3,116,0E-14,0.6666666666666666,1
maxili63,706,329,0.4660056657223796,4,47.04484310736987,65.02005275661125,10.428474723997471,6.234857395491446,0.059,19.53,0,222,1142,641,125,0.18408736349453,0.3463338533541342,1
nsengiyumva,238,27,0.1134453781512605,1,-0.35308253440149073,15.07455770755063,0.164124107242087,91.84852829277112,0.001,0.051,0,6,46,0,0,0,0,1
rashyem,193,89,0.46113989637305697,2,40.82762842943028,15.073780372664551,2.5539328378937127,5.902183545709935,0.001,4.864,30,6,3624,17,109,0.05882352941176,0.35294117647058826,1
asyarafi,140,21,0.15,0,21.393092548978558,15.055954334634752,0.685737670509233,21.95585131476605,0.0,0.353,0,11,584,14,117,0.57142857142857,0.7857142857142857,1
anilkumarb,335,197,0.5880597014925373,5,-1.954628898010423,49.896756454115625,12.23124028653934,4.079451902275826,0.012,0.942,0,17,799,130,80,0.19230769230769,0.13076923076923078,1
fire-za,127,19,0.14960629921259844,1,0.3291132956716183,5.001288582081464,0.5488255272779455,9.112711296223337,0.0,0.088,0,0,0,0,0,0,0,1
make-it-healthy,95,30,0.3157894736842105,5,-0.7157780368024618,15.053863599162531,2.478294755890936,6.074282957416312,0.003,3.894,0,0,0,0,0,0,0,1
steemcros,801,963,1.202247191011236,12,-1.0118581607152066,11.558256079713695,21.65954528313215,0.5336333671194354,0.125,38.907,30,0,0,1,5,0E-14,0.0,1
suryaking2085,367,400,1.0899182561307903,7,-0.9241614808969771,15.088884822573329,0.6796720991967485,22.200241617105814,0.007,0.328,0,0,0,0,0,0,0,1
dcaroa,1089,77,0.0707070707070707,8,58.90421617510428,392.93520098455394,443.02365776555075,0.8869395439656097,6.855,787.823,4,18,2862,37,90,0.02702702702702,0.4864864864864865,1
geezy,108,66,0.6111111111111112,1,-0.3186645052001751,15.044866573268418,0.7242366766818563,20.773411589975783,0.0,0.219,0,1,409,0,0,0,0,1
realmeandi,1573,200,0.12714558169103624,16,-1.5977136050717533,1687.570766147743,1687.570766147743,1.0,57.786,3646.111,0,42,670,231,57,0.12121212121212,0.18181818181818182,1
un0e,174,4,0.022988505747126436,1,-0.05490975676270082,15.024066053140382,2.4522444247976116,6.126659276381206,0.0,4.686,0,3,1037,45,163,0.48888888888888,0.06666666666666667,1
argent9,400,159,0.3975,4,22.36559942236071,15.05870316058889,0.5048214892309258,29.82975860146165,0.001,0.295,0,0,0,0,0,0,0,1
archi90,24,0,0.0,1,-0.7539527343237538,15.06377483445785,0.5098727758016137,29.544183469640693,0.001,0.007,0,0,0,0,0,0,0,1
aireal,577,36,0.06239168110918544,14,-1.913484468257181,41.505771714334784,41.505771714334784,1.0,0.123,80.94,30,0,0,2,255,0E-14,0.0,1
faisal003,288,252,0.875,1,20.845141215069226,15.08384824412661,0.1861316773994392,81.0385876003074,0.0,0.167,0,31,596,16,78,0.37500000000000,1.9375,1
effara,57,7,0.12280701754385964,1,-1.360010803389649,5.003708757030982,0.26197764234582366,19.099754895976336,0.0,0.316,0,0,0,0,0,0,0,1
dachaoticmind,142,18,0.1267605633802817,1,10.545507380330097,5.0003168605554045,0.17522005184959077,28.53735521575856,0.004,0.14,2,0,0,0,0,0,0,1
metromolek,100,76,0.76,1,-0.4646471016213525,15.056963553513595,0.14105633195066197,106.74432934198339,0.0,0.077,0,4,907,6,232,0.83333333333333,0.6666666666666666,1
nanature,190,68,0.35789473684210527,2,-1.140225309439323,0.5811859943697949,0.5811859943697949,1.0,0.014,0.12,0,0,0,0,0,0,0,1
ombeben,83,24,0.2891566265060241,3,-1.366629491530567,15.097233263571367,5.834669728064235,2.5875043433829745,0.093,10.36,1,0,0,7,398,1.00000000000000,0.0,1
rumonk11,289,374,1.2941176470588236,2,-0.42794596123092177,15.031720295259037,0.3276623171134109,45.875645474533584,0.001,0.382,30,1,27,0,0,0,0,1
soan55,140,102,0.7285714285714285,5,-1.3714999860715409,9.26904152589195,2.3916124452925143,3.875645297019797,0.018,17.996,0,0,0,5,208,0.60000000000000,0.0,1
teukuamari,706,4492,6.362606232294618,8,13.494469526183183,15.054946834310567,0.40091888843928103,37.55110389764196,0.018,0.541,1,78,1010,113,68,0.14159292035398,0.6902654867256637,1
yeico,169,117,0.6923076923076923,3,21.38229398450681,15.055414612750369,0.19093478257273436,78.85108417590276,0.0,0.12,0,35,245,26,53,0.07692307692307,1.3461538461538463,1
cumanes34,516,190,0.3682170542635659,4,41.23760835790902,15.000950582159623,3.6419773584246165,4.11890275689371,0.043,6.224,2,70,2232,126,135,0.19841269841269,0.5555555555555556,1
dewa,108,109,1.0092592592592593,1,-0.9114608795272119,14.294810689137813,1.1835326366094834,12.07808745358199,0.005,3.829,0,5,515,20,112,0.90000000000000,0.25,1
boyhaque,305,164,0.5377049180327869,8,-1.1041018078773739,5.007213974003976,1.0632737182637078,4.709242679467897,0.001,1.059,3,0,0,0,0,0,0,1
moyse,1059,1277,1.2058545797922569,11,49.071612371477364,201.09347841244067,201.09347841244067,1.0,0.737,34.57,0,277,161,2182,10,0.00045829514207,0.12694775435380384,2
dsocer,622,67,0.10771704180064309,1,56.30622863275197,3647.2257502091484,3750.84231008607,0.9723751223563051,20.676,285.805,0,77,61,358,4,0E-14,0.21508379888268156,2
ediputra3211,545,197,0.3614678899082569,3,44.9698336239757,15.000382769825856,9.187928948801797,1.6326184990559884,0.012,11.584,1,130,127,827,11,0E-14,0.15719467956469166,2
komgthet,489,273,0.558282208588957,1,46.917773864026124,18.36808877481818,18.36808877481818,1.0,0.109,25.464,0,33,1526,546,10,0.00366300366300,0.06043956043956044,2
rubelynmacion,640,502,0.784375,0,50.030697887769136,13.574712504731599,23.635964287669864,0.5743244633269774,0.067,46.038,1,74,597,1120,60,0.02410714285714,0.06607142857142857,2
fatima1212,256,119,0.46484375,4,16.60046423358292,15.089042050834701,0.31222474736580896,48.32750183365852,0.001,0.347,0,43,267,1022,61,0.02250489236790,0.04207436399217221,2
xakarisyed,632,711,1.125,7,45.60061012649133,52.015210549668126,52.015210549668126,1.0,0.044,18.71,1,885,454,1529,20,0.00392413342053,0.578809679529104,2
genjiyen,313,53,0.16932907348242812,1,41.69438461112106,15.044618226084529,10.798685896085585,1.3931897242735851,0.155,19.85,0,61,237,123,4,0E-14,0.4959349593495935,2
cryptoearnmoney,343,181,0.5276967930029155,3,34.35435549291119,15.031400361860992,0.1002095640015084,149.9996583323597,0.007,0.832,0,230,1384,508,24,0.05905511811023,0.452755905511811,2
hdyam,576,6468,11.229166666666666,3,36.74394789266858,15.0151647852302,0.7085067118573499,21.19269236824582,0.005,1.188,0,28,54,691,13,0E-14,0.04052098408104197,2
aaronnn47,2316,170,0.07340241796200346,8,52.4331985830863,1910.3655865002884,1910.3655865002884,1.0,27.256,124.686,0,54,472,399,7,0E-14,0.13533834586466165,2
mdabdurrahimrsl,306,30,0.09803921568627451,0,42.82083127315705,15.055794434052961,5.966971766273951,2.5231884821627846,0.058,10.727,0,25,195,73,4,0E-14,0.3424657534246575,2
dhandeb,381,2052,5.3858267716535435,1,25.0,15.086208677715003,0.1214981896713302,124.16817664958904,0.0,0.041,1,41,3067,106,5,0E-14,0.3867924528301887,2
mamqmuqit,156,12,0.07692307692307693,2,46.89061428011007,4.051687330404545,3.0401923411298344,1.332707564449296,306.935,29.548,0,4,91,139,8,0E-14,0.02877697841726619,2
bravobravo,72,0,0.0,0,57.818945157929285,152.55692296501263,152.55692296501263,1.0,0.95,361.561,0,1,105,210,9,0E-14,0.004761904761904762,2
tigree,71,0,0.0,0,58.447796487874804,133.70117718475782,133.70117718475782,1.0,0.273,412.923,0,0,0,220,9,0E-14,0.0,2
croxdragnel,246,33,0.13414634146341464,0,44.3763850924259,15.009918186378265,3.240847738573155,4.631478982405593,0.009,10.08,0,48,781,333,45,0E-14,0.14414414414414414,2
turboucoin,552,6532,11.833333333333334,3,-1.8712153287088498,15.07728646939148,1.785624929305993,8.443702942281092,0.001,3.34,30,164,792,381,99,0.34120734908136,0.4304461942257218,2
aungthurain,468,102,0.21794871794871795,4,49.76398219400983,32.63423318429151,32.63423318429151,1.0,0.194,45.838,0,35,1115,204,11,0.00490196078431,0.1715686274509804,2
xgirl,366,30,0.08196721311475409,0,50.43208996176564,10.06427134564123,10.06427134564123,1.0,5.008,72.364,0,2,46,47,4,0E-14,0.0425531914893617,2
anjula,1094,119,0.10877513711151737,3,49.78247327336661,29.390602496857394,193.0607552758352,0.15223499180279093,0.546,56.221,0,123,151,269,14,0.01115241635687,0.45724907063197023,2
artakan,1554,87,0.055984555984555984,5,56.7251159894657,1325.2572444309833,1325.2572444309833,1.0,19.272,505.345,9,1,179,427,26,0E-14,0.00234192037470726,2
ali14,150,4,0.02666666666666667,3,54.330507704680585,40.835652579894976,40.835652579894976,1.0,0.032,135.059,0,0,0,1135,13,0E-14,0.0,2
sanamamq,1728,2217,1.2829861111111112,5,55.566405794253996,632.5944574677845,49.14046386901612,12.873188563176056,252.928,323.874,0,0,0,184,10,0E-14,0.0,2
ylike7,300,225,0.75,0,40.69464353356047,15.000382769825856,6.475589988787665,2.3164503614031577,0.035,12.937,0,179,662,614,59,0.15146579804560,0.2915309446254072,2
awanawan,1428,418,0.2927170868347339,9,53.06426950792007,61.985004495615605,61.985004495615605,1.0,0.397,120.935,30,27,107,169,13,0E-14,0.15976331360946747,2
rocaxel,264,61,0.23106060606060605,1,41.578582097702444,15.000230604466969,2.7019046954622246,5.551724540713612,0.032,5.106,0,31,2895,184,30,0.01086956521739,0.16847826086956522,2
laciri,1008,960,0.9523809523809523,4,52.14960564526679,718.5753267248077,27.367785310763466,26.256246845162128,2.952,97.131,2,62,1747,266,30,0.01503759398496,0.23308270676691728,2
shibleehossain,371,493,1.3288409703504043,0,15.185401005112652,15.015932331805258,0.13667978112211462,109.86213329087413,0.003,0.062,29,62,2372,148,14,0E-14,0.4189189189189189,2
sstf11,158,8,0.05063291139240506,2,51.774364268825124,5330.822456668805,5330.822456668805,1.0,38.977,86.613,0,0,0,317,28,0E-14,0.0,2
pirata,18,0,0.0,1,57.90449462009485,170.30220198308018,170.30220198308018,1.0,0.023,330.188,0,0,0,93,7,0E-14,0.0,2
waqasniaz,812,680,0.8374384236453202,3,55.16694289327511,130.36362199411326,130.36362199411326,1.0,0.852,179.37,0,35,4435,444,33,0.01126126126126,0.07882882882882883,2
fahad2050,215,52,0.24186046511627907,0,31.51759018344366,15.02897895387441,0.10019373435163234,149.9991895813549,0.003,0.342,0,14,2538,65,21,0E-14,0.2153846153846154,2
boyhaqi97,2705,58,0.02144177449168207,5,43.730255815837445,14.674451917006369,5.816579735236157,2.522866114618916,0.031,11.204,1,206,945,269,56,0.04089219330855,0.7657992565055762,2
cryptoclient,301,69,0.2292358803986711,0,37.425427221047684,15.075028795305991,0.328598126620054,45.876794704726656,0.007,0.437,1,76,2581,276,24,0.00724637681159,0.2753623188405797,2
papagaio,17,0,0.0,0,57.60180018472079,155.9782271135173,155.9782271135173,1.0,0.008,305.621,0,0,0,86,7,0E-14,0.0,2
latifurrahmi,378,178,0.4708994708994709,2,27.996451308322676,15.027232076370497,0.6561247622890158,22.90301012866081,0.01,0.205,0,23,46,42,8,0E-14,0.5476190476190477,2
avikant,401,86,0.2144638403990025,4,12.447998034866224,15.002228447199847,0.7329279227065898,20.46890012294651,0.031,0.302,30,129,1341,405,83,0.00246913580246,0.31851851851851853,2
shibleehosen1,169,7,0.04142011834319527,0,25.0,15.061506160241,0.1073861100953443,140.25562660634998,0.0,0.014,0,10,2330,80,5,0E-14,0.125,2
steemlit,662,15,0.022658610271903322,0,54.823784611614315,1089.039927262119,1089.039927262119,1.0,81.233,204.696,0,1,102,545,20,0E-14,0.001834862385321101,2
bandopanth,355,241,0.6788732394366197,1,27.91634375109041,15.075342941472464,0.14425490163564625,104.50489217724618,0.003,0.079,0,25,937,157,23,0.11464968152866,0.1592356687898089,2
soufianezelmimi,255,102,0.4,1,29.773580923173803,15.042253894539838,0.28124353806532015,53.48479825711126,0.018,0.316,22,26,1388,170,19,0.01176470588235,0.15294117647058825,2
syedmohsin50,185,50,0.2702702702702703,0,25.056787690780503,15.003789442516284,0.10002541665129513,149.9997695068038,0.0,0.0,2,30,760,57,6,0E-14,0.5263157894736842,2
touroo,20,0,0.0,0,55.231277133421216,66.13873533356038,66.13873533356038,1.0,0.001,122.013,0,0,0,60,7,0E-14,0.0,2
forrestphotos,745,221,0.2966442953020134,0,44.75735957730966,15.002064548992493,5.6875536692684765,2.637700744707352,0.066,15.665,0,10,434,341,10,0E-14,0.02932551319648094,2
smartkhan,466,80,0.17167381974248927,2,59.163631789937185,58.574360513032794,98.59790117066069,0.5940730970697629,2.733,466.657,3,11,1023,312,13,0E-14,0.035256410256410256,2
fresherworld87,545,301,0.5522935779816514,1,35.76258084598515,15.056083998424134,1.208576888899141,12.457696433479132,0.014,1.184,0,111,202,142,17,0E-14,0.7816901408450704,2
asad5829,203,45,0.22167487684729065,1,30.87992064087603,15.010172382470254,0.10006818858038795,149.9994413350663,0.0,0.0,0,6,204,338,100,0E-14,0.01775147928994083,2
sundesha,229,219,0.9563318777292577,0,28.586051642096656,15.03979256210591,0.11020148107129421,136.475412271238,0.004,0.011,0,27,431,183,11,0.03825136612021,0.14754098360655737,2
aguskhairi,618,59,0.09546925566343042,1,25.0,15.044915981591465,0.6177908839069219,24.352764622305713,0.001,0.024,0,8,580,70,11,0.01428571428571,0.11428571428571428,2
teacherf,594,691,1.1632996632996633,0,50.97959717180852,49.135299168693116,39.051360076655754,1.2582224811694938,0.303,62.449,0,126,1656,760,35,0.03552631578947,0.16578947368421051,2
arifsardar,360,462,1.2833333333333334,0,32.874157583452295,15.08444058003304,0.3119731712925497,48.351723699624664,0.001,0.411,0,136,669,111,18,0E-14,1.2252252252252251,2
launglilawangsa,986,227,0.2302231237322515,9,44.43612676704612,15.001808932860225,6.796458282048162,2.207298023513994,0.013,12.334,0,278,1129,1025,56,0.00585365853658,0.27121951219512197,2
khaidir1990,463,1314,2.838012958963283,4,45.62199379512667,15.000230604466969,7.517496038228966,1.9953759241356177,0.016,14.39,8,124,1368,571,42,0.01050788091068,0.2171628721541156,2
muhammad007,302,130,0.4304635761589404,2,43.142150111589814,115.15019023728848,5.828342384315587,19.756936474282025,0.098,7.034,0,55,458,1230,45,0.04878048780487,0.044715447154471545,2
bosveldtzaneen,1907,2197,1.152071316203461,11,0.9982657980886813,15.03261363085755,4.388131165769892,3.42574391306284,0.134,4.721,30,20,954,107,23,0E-14,0.18691588785046728,2
fln,21,0,0.0,0,54.799248488035,64.76686032817467,64.76686032817467,1.0,0.0,119.284,0,0,0,68,6,0E-14,0.0,2
steem001,164,0,0.0,2,52.58501383878368,42.843435716624796,42.843435716624796,1.0,0.0,98.986,0,1,129,321,12,0E-14,0.003115264797507788,2
fatimaah,290,253,0.8724137931034482,15,10.06834883377008,15.00086914842498,1.1123446060887088,13.485811021435088,0.003,1.489,4,41,1665,696,24,0.01293103448275,0.05890804597701149,2
ifechigosage,320,124,0.3875,2,41.38039990447301,13.615620560395683,2.185739216901579,6.229297829819182,0.013,5.15,6,35,2586,82,45,0.09756097560975,0.4268292682926829,2
ydon0077,318,807,2.5377358490566038,2,45.82976947672918,162.61644249025017,5.493719749625727,29.600425558899104,0.001,16.588,2,25,576,140,14,0E-14,0.17857142857142858,2
marya77,218,42,0.1926605504587156,0,41.00626152642269,15.00912753676424,2.7393588016534935,5.479065950654087,0.026,4.881,0,40,1016,187,17,0E-14,0.21390374331550802,2
omosomofa,225,81,0.36,0,25.0,15.01088752768392,0.10074012667541189,149.00604181340282,0.004,0.048,0,8,3276,143,29,0E-14,0.055944055944055944,2
cavalo,67,0,0.0,0,60.47629446940179,289.9263309608044,289.9263309608044,1.0,0.147,671.427,0,0,0,225,9,0E-14,0.0,2
abdoon,1958,635,0.32431052093973445,6,46.18705709888744,15.002311218081525,5.670905959744424,2.645487568402148,0.072,14.86,0,289,415,1001,40,0.10189810189810,0.2887112887112887,2
pushpak,199,27,0.135678391959799,0,30.83955053212646,3.002540258231494,3.002540258231494,1.0,0.0,0.078,0,10,3393,181,30,0.01104972375690,0.055248618784530384,2
derrick829,2356,180,0.07640067911714771,11,66.13213283197359,0.5030902163853147,103222.92882793801,4.873822338677429e-06,461.026,3815.444,0,12,321,265,5,0E-14,0.045283018867924525,2
madalinabucur,364,1575,4.326923076923077,2,39.71057546759602,15.008858245219715,2.0701877597233858,7.2499985446852255,0.011,3.794,1,71,507,186,26,0.01612903225806,0.3817204301075269,2
erochiara,998,456,0.45691382765531063,6,54.61494039893871,1003.0232792355882,229.58148227503094,4.368920652032379,51.588,212.494,0,20,424,295,18,0.00338983050847,0.06779661016949153,2
krishvardhan,220,37,0.16818181818181818,0,26.019290210707027,15.051111618330854,0.12220786393063694,123.15992714571628,0.0,0.042,1,9,1485,133,27,0.09022556390977,0.06766917293233082,2
melbourneswest,812,325,0.4002463054187192,1,52.82768996252153,125.87837271522726,125.87837271522726,1.0,0.204,92.661,1,298,896,1025,78,0.01951219512195,0.29073170731707315,2
warsishah,276,72,0.2608695652173913,0,36.50661374804619,15.073303648661746,0.8745542093867473,17.23541375351839,0.025,1.478,0,22,1038,144,39,0.14583333333333,0.1527777777777778,2
mimraz,440,75,0.17045454545454544,1,59.68616827409016,182.7657425177324,207.96370512964683,0.8788348063129298,0.121,588.402,0,162,1021,25,20,0E-14,6.48,2
reemy,634,19,0.02996845425867508,5,58.47934980569062,1086.803201226017,76.502836759893,14.206051007454656,0.503,576.599,0,3,4144,328,19,0E-14,0.009146341463414634,2
ferozk,272,12,0.04411764705882353,1,58.54141420939821,91.02860701925144,91.02860701925144,1.0,1.141,392.197,1,7,504,255,6,0E-14,0.027450980392156862,2
haja,2155,3287,1.5252900232018562,13,64.24042217890607,908.5238689105615,574.2838927563802,1.582011754761109,13.166,1827.905,0,11,270,521,27,0.00767754318618,0.02111324376199616,2
ccrystal,500,211,0.422,1,37.26014026748775,15.041230792028797,1.5545118753291045,9.675854543629285,0.003,2.995,0,53,693,94,12,0E-14,0.5638297872340425,2
amjidalishah,239,197,0.8242677824267782,0,25.0,3.0064299015230502,3.0064299015230502,1.0,0.0,0.015,1,24,1441,62,11,0E-14,0.3870967741935484,2
qaiser7736,62,2,0.03225806451612903,0,25.0,15.003789442516286,0.1000255400043426,149.99958452476136,0.0,0.0,0,2,55,100,15,0E-14,0.02,2
yourinfo,382,72,0.18848167539267016,2,52.42949085891097,442.49524153384914,18.529855722261757,23.8801234163003,2.25,92.45,0,13,1605,1041,132,0.01248799231508,0.012487992315081652,2
akkibomb007,409,247,0.6039119804400978,0,33.508187423186,15.032262811830066,1.4597406886426723,10.29789943432192,0.023,1.807,0,12,589,139,41,0.00719424460431,0.08633093525179857,2
africka,1661,619,0.37266706803130645,6,43.732595567898564,15.077940088572129,4.190640082376858,3.5980040738836685,0.106,12.969,0,206,557,171,36,0.04093567251461,1.2046783625730995,2
bhaskarthengal,237,64,0.270042194092827,0,30.47371098405049,3.8063921229458755,3.8063921229458755,1.0,0.0,0.259,2,54,411,70,19,0E-14,0.7714285714285715,2
marufhasan883,1661,1060,0.6381697772426249,7,53.43503777564452,173.9998069061302,54.22185156399042,3.2090347689580967,6.91,154.404,24,79,249,408,16,0E-14,0.19362745098039216,2
alhamiid,994,674,0.6780684104627767,1,43.22649077576148,15.014665117067155,4.359776558303157,3.443907025113903,0.023,7.527,3,54,2150,106,45,0.02830188679245,0.5094339622641509,2
dhingvimal,491,125,0.2545824847250509,1,40.745505166985474,261.3126517771586,261.3126517771586,1.0,1.028,4.213,0,14,298,145,31,0.00689655172413,0.09655172413793103,2
yonny,788,180,0.22842639593908629,4,57.31972927768973,286.5865009865132,286.5865009865132,1.0,12.625,515.178,28,11,368,231,63,0.02597402597402,0.047619047619047616,2
devrajsinghrawat,705,120,0.1702127659574468,1,55.38314892538876,6.98775840723619,150.00434249049206,0.04658370745286327,0.088,188.079,15,228,1501,740,95,0.09054054054054,0.3081081081081081,2
sdas,396,765,1.9318181818181819,1,36.84198978372103,15.015869405961856,0.6892510953940054,21.785775178751283,0.012,1.153,1,20,1897,767,85,0.63624511082138,0.02607561929595828,2
tanjimul222,198,4,0.020202020202020204,0,37.25046060169119,15.001188985114238,0.8506237393938015,17.6355164926444,0.02,1.455,0,83,138,53,7,0.01886792452830,1.5660377358490567,2
jumi,1405,7255,5.1637010676156585,8,54.41757710354466,30.02424033263223,30.02424033263223,1.0,2.172,157.807,0,6,835,249,12,0E-14,0.024096385542168676,0
nkr2222,216,15,0.06944444444444445,0,26.892083265944688,15.066649886598642,0.13724766549406142,109.77709407560424,0.002,0.041,0,23,2034,64,14,0E-14,0.359375,2
besiriyas,378,324,0.8571428571428571,0,25.550125765362708,15.071523968128629,0.11044629887778856,136.46019940247726,0.01,0.048,0,19,988,97,20,0.02061855670103,0.1958762886597938,2
qamarshah123,193,18,0.09326424870466321,0,25.0,15.021185079559903,0.10014104829140806,150.00027796642004,0.0,0.0,0,11,582,27,10,0E-14,0.4074074074074074,2
shibleehosen2,181,7,0.03867403314917127,0,25.0,15.058496336014429,0.10437624540897131,144.2712973340975,0.0,0.008,0,9,1805,27,8,0E-14,0.3333333333333333,2
muntahar,670,1028,1.5343283582089553,1,47.35194881802288,15.051232436226494,12.17009359522694,1.2367392508903567,0.032,23.076,0,51,574,37,34,0.08108108108108,1.3783783783783783,2
adamarie,422,118,0.2796208530805687,0,38.1091350792027,15.0040168882664,1.2110308463010648,12.389458892887992,0.012,2.297,0,42,1823,51,95,0E-14,0.8235294117647058,2
riccardo47,474,248,0.5232067510548524,2,57.092868933853396,3.335266511523905,3.335266511523905,1.0,1.378,290.723,0,0,0,89,7,0E-14,0.0,2
ayethatmon,573,101,0.1762652705061082,2,43.07942895811806,15.0707089148411,4.457123857434189,3.3812632084935563,0.038,7.747,0,46,2176,301,38,0E-14,0.15282392026578073,2
marjanko,665,88,0.13233082706766916,0,58.80549260082283,315.5071087460436,315.5071087460436,1.0,1.267,415.055,7,101,1209,1988,74,0.04929577464788,0.05080482897384306,2
sunrawhale,419,0,0.0,9,36.434167131369485,1577.094740803412,160.59491080524353,9.820328258820009,158.28,1.833,0,0,0,1985,268,1.00000000000000,0.0,3
estream.studios,1874,2220,1.1846318036286019,7,61.007741335373694,3413.123947960341,1186.8221397191674,2.875851261729895,551.661,954.638,9,2,2397,444,1436,0.99324324324324,0.0045045045045045045,3
spydo,1428,242,0.16946778711484595,9,56.52727825409669,26323.16325444892,914.2356443115322,28.79253660501462,734.922,309.582,0,0,0,3601,466,1.00000000000000,0.0,3
siditech,490,1,0.0020408163265306124,6,52.32368828699809,6087.408824113051,358.4165242191423,16.984174592327392,116.804,102.272,0,0,0,2801,208,1.00000000000000,0.0,3
weupvote,251,0,0.0,0,46.35144046610492,143.09571880820803,143.09571880820803,1.0,124.576,19.609,0,2,797,39,74,0E-14,0.05128205128205128,3
singing.beauty,1003,2666,2.6580259222333003,9,58.387994731052174,1890.9654311272516,501.28123322086105,3.772264560907879,291.467,490.398,0,0,0,552,1435,1.00000000000000,0.0,3
authors.league,367,3,0.008174386920980926,3,45.37073360244844,879.5208740330187,47.69395391525397,18.4409301773515,32.702,15.035,3,0,0,4490,1151,0.94677060133630,0.0,3
steembotup,160,0,0.0,0,34.59518210155085,1908.5615817044136,1047.233267789216,1.8224799005225676,0.699,0.912,0,1,278,97,87,0E-14,0.010309278350515464,3
ptbot,295,9,0.030508474576271188,0,37.460053664955275,2733.211361388689,72.68336437600853,37.60435946868295,20.324,1.927,0,10,2430,4,542,0.25000000000000,2.5,3
redwhale,431,1230,2.8538283062645013,2,42.08892923989029,244.36616249548862,30.857817122962647,7.919100742665465,27.192,6.831,0,0,0,1061,1620,1.00000000000000,0.0,3
slimwhale,407,1,0.002457002457002457,2,51.365384745137185,1749.2105485102425,63.67132120805233,27.47250277396513,36.729,69.219,0,0,0,1581,990,0.99936748893105,0.0,3
moneymatchgaming,1695,435,0.25663716814159293,11,59.60756339195928,7263.677629940269,535.2289704588412,13.571159318437607,161.386,629.12,7,119,3906,5536,159,0.00054190751445,0.021495664739884394,3
postpromoter,10086,1,9.9147332936744e-05,51,59.65490146018371,2952651.1118823914,28686.336488900113,102.92883209485079,58995.891,599.134,0,4,5733,16431,392,0.99993913943156,0.00024344227375083682,3
inciter,835,1,0.0011976047904191617,5,26.57730042889263,77696.4922171708,1260.1901591325,61.65457780646069,1199.895,0.131,0,0,0,0,0,0,0,3
isotonic,389,2,0.005141388174807198,6,30.79982329266974,5910.750690366206,122.28903324914211,48.33426623239473,121.661,0.346,2,0,0,2,72,0E-14,0.0,3
postdoctor,522,1,0.0019157088122605363,9,33.2474687700696,8296.081489671316,170.24810979284987,48.729360342183,165.884,0.796,1,0,0,2324,63,0E-14,0.0,3
boinger,292,2,0.00684931506849315,0,53.94214740898035,5750.335912135593,100.13070214237868,57.428299104095245,29.711,129.906,0,19,1802,1903,69,0.00105097214923,0.009984235417761429,3
haveaheart,393,389,0.989821882951654,2,48.5323320666418,1128.7488462381325,34.766564805080456,32.46650488958253,17.263,34.43,9,5,4502,1402,635,0.95863052781740,0.003566333808844508,3
dailyupvotes,1031,2,0.0019398642095053346,10,50.81604983089088,35732.93189472735,688.3261736608735,51.91278969486399,645.796,59.335,3,0,0,7602,89,0E-14,0.0,3
isteemd,128,0,0.0,1,49.93936907389048,1100448.7106094914,146.55310951329045,7508.873160481765,38.493,48.617,1,1,1476,0,0,0,0,3
promobot,2004,1,0.000499001996007984,15,59.422674123327376,832752.2978346695,745884.5204920152,1.116462769981274,13558.975,594.764,0,9,1319,34,204,0.38235294117647,0.2647058823529412,3
profitbot,161,0,0.0,0,25.0,2148.676979646996,38.01912512521132,56.515687106702025,34.886,0.007,0,0,0,0,0,0,0,3
tainika,426,2,0.004694835680751174,2,33.03136863969274,1287.5594406683617,23.226898765298447,55.433979959132856,7.148,0.56,0,0,0,6,740,0.66666666666666,0.0,3
pwrup,216,0,0.0,1,30.637103763007065,4593.9711842920515,148.18591839342162,31.001401712782386,54.603,0.384,0,0,0,0,0,0,0,3
dlivepromoter,307,2,0.006514657980456026,3,44.252142788713556,6390.364760500308,98.27940182481592,65.02242221509651,89.218,11.461,0,0,0,1040,1923,1.00000000000000,0.0,3
stef,760,76,0.1,6,57.27305135618033,2088.238367324202,2088.238367324202,1.0,87.228,347.727,0,19,726,1758,59,0.00056882821387,0.01080773606370876,3
megabot,378,12,0.031746031746031744,3,37.50620598062057,1016.0378453706646,29.705031242957034,34.20423419388134,25.454,2.212,1,2,4580,3533,1188,1.00000000000000,0.0005660911406736484,3
voterunner,559,0,0.0,5,30.653265692539655,1603.6602499543817,54.785562027521394,29.271585260890213,53.232,0.377,1,0,0,1519,364,1.00000000000000,0.0,3
dolphinbot,487,20,0.04106776180698152,3,53.403586504608015,4248.37380225424,673.9782932302453,6.303428233411823,108.488,121.983,1,0,0,4067,196,1.00000000000000,0.0,3
a-bot,212,0,0.0,0,53.43852398868329,52679.913323105284,214.27413261931784,245.85288330951778,159.659,109.492,0,1,1448,3,53,0E-14,0.3333333333333333,3
onlyprofitbot,716,2,0.002793296089385475,7,44.21209477701841,18365.202590195116,401.00794404573685,45.79760292255078,391.112,11.098,0,1,321,4648,848,0.99591222030981,0.0002151462994836489,3
mitsuko,568,3,0.00528169014084507,3,7.873914369845707,4754.730494379529,136.38422157672184,34.8627608048105,86.226,130.088,1,125,9118,1539,759,0.57634827810266,0.08122157244964262,3
therising,2278,3,0.0013169446883230904,10,55.50126198056249,1055407.3637817279,10367.246415583162,101.80209107360749,13063.192,183.309,9,1,1202,29,232,0.13793103448275,0.034482758620689655,3
profitvote,222,0,0.0,0,25.0,18232.17425717299,232.26939586423765,78.49580952899092,228.629,0.02,0,0,0,0,0,0,0,3
whalecreator,292,1,0.003424657534246575,3,45.03607254756836,12460.414642295329,171.63351673066646,72.59895898916214,162.37,11.792,0,2,460,3869,116,0E-14,0.0005169294391315585,3
smartsteem,8771,840,0.09577015163607343,30,66.4169955266793,2746302.499539071,52612.90152624572,52.198271143990986,41320.613,3646.316,0,15,2619,144,242,0.89583333333333,0.10416666666666667,3
jerrybanfield,39953,622,0.01556829274397417,236,74.55448315700656,626387.5937702009,78433.28360518966,7.986247227940295,15203.539,46684.95,0,68,7920,312,220,0.47756410256410,0.21794871794871795,3
steembloggers,2277,9,0.003952569169960474,11,66.7326420108115,15206.265335548582,1289.9863570069876,11.787927254385847,352.873,3755.158,3,230,2909,2774,69,0.00432588320115,0.0829127613554434,3
luckyvotes,643,0,0.0,12,37.29784350377694,4062.17790440735,306.29937851278373,13.262116051723593,262.24,4.96,1,1,429,2908,66,0.00137551581843,0.000343878954607978,3
minnowvotes,1851,0,0.0,13,43.46067547665973,26248.097091803837,2102.8465496090203,12.482174268343124,872.079,10.248,1,1,173,6268,66,0E-14,0.0001595405232929164,3
chronoboost,275,0,0.0,0,56.13517646567899,52831.25907931953,280.0650809990557,188.6392223223918,191.364,177.666,0,15,9535,95,87,0E-14,0.15789473684210525,3
alfanso,334,1,0.0029940119760479044,0,42.11733308815402,71309.81051634347,550.9298808698653,129.4353655382644,547.188,5.849,0,3,372,0,0,0,0,3
upyourpost,65,0,0.0,0,41.32560875170095,6372.625702130536,41.074412722994005,155.1483096084063,37.895,5.414,1,1,2237,0,0,0,0,3
rocky1,3957,36,0.009097801364670205,17,62.43975180066164,1486250.1367342407,31088.774554146203,47.8066491217173,30533.673,2067.898,15,0,0,5,64,0E-14,0.0,3
brupvoter,2049,1,0.0004880429477794046,19,61.05117421982749,76000.95792830366,1537.252354832647,49.43948057023956,1134.173,796.184,4,12,2584,6945,64,0.00115190784737,0.0017278617710583153,3
thebot,773,4,0.00517464424320828,8,53.33793050246031,54301.677301080344,338.87741664280776,160.23988213506948,488.925,118.455,0,3,3732,616,184,0.98051948051948,0.00487012987012987,3
aksdwi,2256,42,0.018617021276595744,15,53.949876401769885,4450.193046246656,4450.193046246656,1.0,2363.964,201.199,1,0,0,2041,75,0E-14,0.0,3
cabbage-dealer,673,20,0.029717682020802376,5,59.595099828107976,1504.5697379993373,405.5467032114968,3.709978964407186,41.153,576.491,4,3,3545,3016,207,0.99900530503978,0.0009946949602122016,3
proffit,367,0,0.0,3,52.52767467115184,4964.169805427154,1643.8492996177313,3.019844827978785,22.198,88.701,2,5,404,2604,168,0E-14,0.0019201228878648233,3
lovejuice,3988,0,0.0,37,61.07772993834632,15784.097781727829,574.3779982022288,27.480331473578683,1007.317,1018.333,0,36,2588,5420,180,1.00000000000000,0.006642066420664207,3
upme,7489,3,0.0004005875283749499,45,48.911653017468105,1528727.1137287153,17633.616922647827,86.69390519453141,60476.278,61.19,0,0,0,7512,194,0E-14,0.0,3
t50,453,461,1.0176600441501105,5,43.60366097075605,5904.833332170116,66.94478337543853,88.20453266768727,43.514,9.826,0,8,2172,3446,1548,0.99912942542077,0.0023215322112594312,3
appreciator,9643,1,0.00010370216737529814,64,58.50836663451908,2859787.6650489476,60274.04196387281,47.446422570483215,58832.768,503.012,0,27,3814,51,223,1.00000000000000,0.5294117647058824,3
oceanwhale,1135,0,0.0,7,53.721338231393645,56032.45913781093,693.9024609323436,80.74976281612318,798.634,125.078,0,94,11060,8062,2605,0.99789134209873,0.011659637806995783,3
brandonfrye,3963,33,0.008327024981074944,21,63.78397596601395,29272.59383656157,4243.236148951495,6.898648297902259,623.834,1582.455,9,64,6205,1500,304,0.56800000000000,0.042666666666666665,3
peoplesbot,97,0,0.0,1,25.0,4548.4078342679295,56.644514439379535,80.29741060161432,53.54,0.0,0,0,0,4,69,0E-14,0.0,3
pushup,3220,0,0.0,24,51.124746464938426,32051.750007019098,850.8414030192932,37.670651537737065,5782.551,77.829,0,0,0,49,76,0.02040816326530,0.0,3
getkarma,172,0,0.0,0,25.0,666.2592196160716,2.571029981779171,259.1409763160426,2.468,0.0,0,3,650,524,70,0E-14,0.0057251908396946565,3
noicebot,255,36,0.1411764705882353,0,44.633470567898044,1324.3316814564091,29.99788128142628,44.14750725333367,14.316,13.238,1,2,526,2,160,0E-14,1.0,3
msp-bidbot,1577,0,0.0,11,44.100126769267035,8418.916293075643,606.4070972491197,13.883274670212254,598.19,16.67,0,0,0,3738,1059,1.00000000000000,0.0,3
brotherhood,653,7,0.010719754977029096,7,51.62691388611732,29594.720416534023,362.6190650522298,81.61380155858973,314.185,69.5,17,16,850,1795,515,0.98217270194986,0.008913649025069638,3
boomerang,8152,0,0.0,55,53.875813744966436,582305.2293421731,5000.606630034567,116.44691782887706,15266.074,200.788,14,0,0,9050,55,0E-14,0.0,3
edensgarden,809,0,0.0,10,18.099324557764348,32124.318082000496,978.7400441693559,32.82211479276297,971.879,0.847,1,0,0,6537,43,0.00030595074193,0.0,3
nado.bot,966,0,0.0,10,8.855309006606738,6305.580566367511,512.694671251324,12.298900144558946,508.314,1.41,0,0,0,4600,254,1.00000000000000,0.0,3
honestbot,629,0,0.0,10,9.398673828018113,5985.544099014813,141.18304074328577,42.3956310014485,134.491,2.359,0,0,0,5342,181,1.00000000000000,0.0,3
joeparys,11164,98,0.008778215693299892,64,69.40145094847641,27243.415007141004,23034.26082948675,1.1827345018280773,196.46,6414.352,2,151,1143,4907,188,0.00081516201345,0.03077236600774404,3
botox,605,922,1.5239669421487603,1,43.37022224023946,1380.2994185279845,29.82897625923732,46.27377777004797,24.856,9.49,0,9,4884,2977,762,0.99966409136714,0.0030231776956667787,3
buildawhale,12006,2,0.0001665833749791771,83,70.53144930026826,1833497.0894850828,75298.90464280901,24.349585139153554,68949.572,11272.632,0,193,3523,20,88,0.55000000000000,9.65,3
peace-bot,195,0,0.0,0,39.257176005809484,1811.2748082418036,30.714067734450847,58.972156469205245,28.936,3.056,1,0,0,2440,1225,1.00000000000000,0.0,3
whalepromobot,114,0,0.0,1,25.0,9855.021923690685,102.08156676513843,96.54066092426241,98.918,0.056,0,0,0,2765,69,0E-14,0.0,3
alliedforces,310,3,0.00967741935483871,0,44.65977114384027,3151.319215774469,137.67317915848892,22.88985578045438,16.507,13.659,5,3,5895,1168,296,0.99914383561643,0.0025684931506849314,3
lrd,1273,192,0.15082482325216026,5,62.72571597502167,58196.503310849905,866.299261892426,67.1782903101175,422.211,1431.774,0,8,6718,631,258,0.87480190174326,0.012678288431061807,3
bid4joy,1064,0,0.0,7,61.05043263958652,19556.8430943653,2285.892795821857,8.555450688724859,439.742,788.436,0,0,0,2671,61,0E-14,0.0,3
emperorofnaps,1366,0,0.0,15,30.512629921293296,260901.9504303661,2310.2051911374997,112.93453561235532,2305.125,1.28,0,0,0,10333,226,0E-14,0.0,3
minnowhelper,4997,0,0.0,38,54.16732181651668,9582.53004288143,4298.539419628378,2.2292525687038762,2149.52,196.169,0,7,10465,11558,1407,1.00000000000000,0.0006056411143796505,3
ebargains,5937,5698,0.9597439784402897,40,64.0505293922584,13707.21055335147,3550.7555145411166,3.8603645047420074,1354.227,2125.35,8,2,4297,1642,1354,0.97807551766138,0.001218026796589525,3
sureshot,475,0,0.0,0,46.523515607130136,36000.00557991889,492.5580748889134,73.08783961777091,458.38,20.574,1,24,5126,75,92,0E-14,0.32,3
redlambo,885,509,0.5751412429378531,4,43.628948842463515,11196.398748681555,280.78044023716905,39.875992569939,273.92,10.85,5,0,0,3532,134,0E-14,0.0,3
upmewhale,4686,10,0.002134016218523261,33,62.495157418180995,946550.4922942608,5762.4046607632,164.26310681362236,8720.034,1278.89,0,7,1244,7855,165,0.99796308084022,0.0008911521323997453,3
lost-ninja,377,0,0.0,5,43.73881605757864,11777.4244400337,2702.7961277646614,4.357496416044587,166.512,10.03,0,0,0,4621,75,0.00021640337589,0.0,3
th3voter,233,0,0.0,3,54.77453756001613,3061.260733646305,155.37613237793707,19.702258556675176,117.32,153.732,0,0,0,2249,1584,1.00000000000000,0.0,3
estabond,953,1,0.001049317943336831,6,10.03695230869157,93304.59527279,1642.9631768903175,56.7904360762304,1634.939,1.236,0,6,681,153,86,0.18300653594771,0.0392156862745098,3
ecotrain,642,15,0.02336448598130841,5,45.590939468713856,13775.55631468224,716.4279573210047,19.228111038818557,188.494,22.159,6,0,0,3,504,1.00000000000000,0.0,3
flymehigh,910,1546,1.6989010989010989,5,9.73541605287693,10957.471377819851,214.281873867275,51.13578288290893,209.941,6.423,0,0,0,5335,537,0.99943767572633,0.0,3
sneaky-ninja,5430,3,0.0005524861878453039,33,59.163417981382246,302060.87299508025,9896.670150959699,30.52146513802815,9717.806,720.915,6,5,15039,14317,874,0.99210728504574,0.00034923517496682265,3
mercurybot,3271,0,0.0,12,50.784519060127245,67629.88919884793,3194.0703978813904,21.173575023176216,2882.339,164.726,0,3,1484,0,0,0,0,3
votepower,112,0,0.0,2,37.46280819819441,1392.0273450167972,21.110419442005067,65.94029781554082,20.251,1.939,0,2,1761,1296,186,0.27160493827160,0.0015432098765432098,3
shares,1420,7,0.004929577464788733,7,54.30026643443192,14236.690350249184,565.080680275689,25.194084397476573,448.39,182.435,1,105,3770,4290,446,0.99813519813519,0.024475524475524476,3
automation,389,6,0.015424164524421594,0,42.42813051746057,882.1533584310106,18.238981090579696,48.36637277323768,11.274,7.761,0,63,3057,2239,582,0.99866011612326,0.02813756141134435,3
booster,14766,13,0.0008804009210348097,97,62.98192881734156,1028980.7505133654,11133.869456304623,92.41897029165351,38069.935,1709.969,30,10,1962,16197,85,0.00092609742544,0.0006173982836327715,3
bodzila,911,156,0.1712403951701427,1,55.62904497601112,3304.3593377963743,274.7305935537498,12.027635128120128,52.569,244.764,0,1,417,2684,331,1.00000000000000,0.00037257824143070045,3
drotto,7226,0,0.0,50,47.43327146450552,9602.328392526219,9601.328199854654,1.0001041723239479,280.34,34.364,0,0,0,49511,82,0E-14,0.0,3
postdoctor,522,1,0.0019157088122605363,9,33.2474687700696,8296.081489671316,170.24810979284987,48.729360342183,165.884,0.796,1,0,0,2324,63,0E-14,0.0,3
bumper,1706,26,0.015240328253223915,13,53.57837813196218,5182.201121971395,837.9741529155717,6.1842016295382285,531.668,155.853,1,16,8774,55,256,0.49090909090909,0.2909090909090909,3
coolbot,431,0,0.0,3,31.898567769485965,1088.566217328367,380.8491104682805,2.8582611522707744,12.171,0.453,2,0,0,13373,176,1.00000000000000,0.0,3
botcoin,818,3644,4.45476772616137,5,43.299118623535335,680.2967188204967,18.814429913494816,36.158242473908174,2.248,8.991,10,3,836,711,62,0E-14,0.004219409282700422,3
microbot,774,0,0.0,11,43.47506305459696,428.6526458694922,327.57089472019135,1.3085797693828816,6.972,9.435,1,0,0,6861,981,1.00000000000000,0.0,3
bidseption,6817,153003,22.444330350594104,43,0.9440872642183216,261.7546417189921,30.83117840720771,8.489933088571117,2.096,45.595,0,11,3361,571,983,0.98248686514886,0.01926444833625219,3
cleansingpoetry,395,78,0.19746835443037974,0,43.76262515502151,138.12070994454692,18.14858048196725,7.610551694761257,0.412,10.333,25,3,1843,408,1083,0.98284313725490,0.007352941176470588,3
earnmoresteem,101,0,0.0,2,39.46267041838659,19.131085196410282,19.131085196410282,1.0,0.397,4.113,0,0,0,3,67,0E-14,0.0,3
